Title,Date
"365 Days","2/2/21"
"Dark: Season 1: Everything Is Now","1/14/21"
"Dark: Season 1: Truths","1/14/21"
"Dark: Season 1: Lies","1/14/21"
"Dark: Season 1: Secrets","1/14/21"
"Dark: Season 1: Sic Mundus Creatus Est","1/8/21"
"Dark: Season 2: Dark Matter","1/8/21"
"Forensic Files: Collection 8: Innocence Lost","12/26/20"
"Forensic Files: Collection 8: Ultimate Betrayal","12/26/20"
"Forensic Files: Collection 8: Grave Evidence","12/24/20"
"Big Mouth: Season 3: My Furry Valentine","12/24/20"
"Forensic Files: Collection 8: Telltale Tracks","12/21/20"
"Forensic Files: Collection 9: Shear Luck","12/20/20"
"Forensic Files: Collection 8: Accident or Murder?","12/18/20"
"Forensic Files: Collection 9: As the Tide Turns","12/18/20"
"Forensic Files: Collection 8: Ghost in the Machine","12/18/20"
"Forensic Files: Collection 8: A Voice from Beyond","12/17/20"
"Forensic Files: Collection 7: Expert Witness","12/16/20"
"Forensic Files: Collection 7: Fate Date","12/16/20"
"Forensic Files: Collection 7: Trail of a Killer","12/16/20"
"Forensic Files: Collection 7: Room with a View","12/12/20"
"Forensic Files: Collection 7: Needle in a Haystack","12/11/20"
"Exhibit A: Season 1: Blood Spatter","12/11/20"
"Forensic Files: Collection 8: Where the Blood Drops","12/11/20"
"Forensic Files: Collection 9: Bad Medicine","12/11/20"
"Forensic Files: Collection 9: Hell's Kitchen","12/11/20"
"Forensic Files: Collection 9: Best Foot Forward","12/11/20"
"Forensic Files: Collection 9: Pet Rock","12/11/20"
"Atypical: Season 1: Antarctica","12/9/20"
"Big Mouth: Season 4: What Are You Gonna Do?","12/9/20"
"Big Mouth: Season 4: Horrority House","12/5/20"
"Big Mouth: Season 4: The Funeral","12/5/20"
"Dark: Season 2: Beginnings and Endings","12/5/20"
"Dark: Season 2: An Endless Cycle","12/5/20"
"How to Sell Drugs Online (Fast): Season 1: If This is Reality, I'm Not Interested","12/5/20"
"Big Mouth: Season 4: Four Stories About Hand Stuff","12/5/20"
"Big Mouth: Season 4: Nick Starr","12/5/20"
"Big Mouth: Season 4: A Very Special 9/11 Episode","12/5/20"
"Big Mouth: Season 4: Cafeteria Girls","12/5/20"
"Big Mouth: Season 4: Poop Madness","12/4/20"
"Big Mouth: Season 4: The Hugest Period Ever","12/4/20"
"Big Mouth: Season 4: The New Me","12/4/20"
"Big Mouth: Season 2: Drug Buddies","12/4/20"
"How to Sell Drugs Online (Fast): Season 2: Where Do You Want to Go Today?","10/31/20"
"The Pharmacist: Limited Series: Dope Dealers with White Lab Coats","10/21/20"
"The Pharmacist: Limited Series: A Mission from God","10/21/20"
"The Pharmacist: Limited Series: Justice for Danny","10/21/20"
"You: Season 1: Pilot","10/20/20"
"Big Mouth: Season 2: The Planned Parenthood Show","10/20/20"
"Big Mouth: Season 1: Girls Are Horny Too","10/20/20"
"Dark: Season 3: Deja-vu","10/19/20"
"Big Mouth: Season 3: Duke","10/18/20"
"Big Mouth: Season 3: How To Have An Orgasm","10/18/20"
"Big Mouth: Season 3: Florida","10/18/20"
"Big Mouth: Season 3: Obsessed","10/18/20"
"Sex Education: Season 2: Episode 7","10/18/20"
"Don't F**k with Cats: Hunting an Internet Killer: Limited Series: Closing the Net","10/17/20"
"Don't F**k with Cats: Hunting an Internet Killer: Limited Series: Killing for Clicks","10/17/20"
"Don't F**k with Cats: Hunting an Internet Killer: Limited Series: Cat and Mouse","10/17/20"
"The Disappearance of Madeleine McCann: Season 1: Person of Interest","10/8/20"
"How to Sell Drugs Online (Fast): Season 2: Buy It. Sell It. Love It.","9/29/20"
"How to Sell Drugs Online (Fast): Season 1: Failure is Not an Option","9/29/20"
"Scott Pilgrim vs. the World","9/26/20"
"The Social Dilemma","9/17/20"
"That '70s Show: Season 4: Eric's Depression","9/2/20"
"How to Sell Drugs Online (Fast): Season 2: Move Fast and Break Things","8/28/20"
"How to Sell Drugs Online (Fast): Season 1: Life's Not Fair, Get Used to It","8/27/20"
"How to Sell Drugs Online (Fast): Season 1: Nerd Today, Boss Tomorrow","8/27/20"
"How to Sell Drugs Online (Fast): Season 2: Don't be evil.","8/21/20"
"How to Sell Drugs Online (Fast): Season 2: Inspired by Real Life","7/29/20"
"How to Sell Drugs Online (Fast): Season 2: Think Different","7/27/20"
"Dark: Season 3: Between the Time","7/11/20"
"Dark: Season 3: The Paradise","7/10/20"
"Dark: Season 1: Double Lives","7/9/20"
"Dark: Season 3: Light and Shadow","7/6/20"
"Dark: Season 1: Alpha and Omega","7/4/20"
"Dark: Season 1: Crossroads","7/4/20"
"Dark: Season 1: As You Sow, so You Shall Reap","7/4/20"
"Dark: Season 3: Life and Death","7/4/20"
"Dark: Season 3: The Origin","7/4/20"
"Dark: Season 2: Lost and Found","7/2/20"
"Dark: Season 2: The White Devil","7/2/20"
"Dark: Season 3: Adam and Eva","7/2/20"
"Dark: Season 3: The Survivors","7/1/20"
"Dark: Season 2: Endings and Beginnings","6/19/20"
"Dark: Season 2: Ghosts","6/14/20"
"Dark: Season 2: The Travelers","5/30/20"
"Dark: Season 1: Past and Present","5/17/20"
"BoJack Horseman: Season 5: Planned Obsolescence","4/30/20"
"BoJack Horseman: Season 5: The Dog Days Are Over","4/30/20"
"BoJack Horseman: Season 5: The Light Bulb Scene","4/30/20"
"That '70s Show: Season 3: The Promise Ring","4/22/20"
"Ozark: Season 1: Nest Box","4/21/20"
"The Disappearance of Madeleine McCann: Season 1: The Beneath Truth","4/20/20"
"Ozark: Season 1: Book of Ruth","4/19/20"
"BoJack Horseman: Season 2: After the Party","4/19/20"
"Ozark: Season 1: Ruling Days","4/19/20"
"Ozark: Season 1: Tonight We Improvise","4/15/20"
"Ozark: Season 1: My Dripping Sleep","4/15/20"
"Ozark: Season 1: Blue Cat","4/3/20"
"Ozark: Season 1: Sugarwood","4/2/20"
"The Talented Mr. Ripley","3/20/20"
"I Am Not Okay With This: Season 1: Deepest, Darkest Secret","3/20/20"
"I Am Not Okay With This: Season 1: Like Father, Like Daughter","3/20/20"
"I Am Not Okay With This: Season 1: Another Day in Paradise","3/17/20"
"I Am Not Okay With This: Season 1: Stan by Me","3/17/20"
"I Am Not Okay With This: Season 1: The Party's Over","3/17/20"
"1983: Season 1: Entanglement","3/13/20"
"The Circle: Season 1: Hello, Circle","3/13/20"
"I Am Not Okay With This: Season 1: The Master of One F**k","3/12/20"
"I Am Not Okay With This: Season 1: Dear Diary...","3/12/20"
"Babylon Berlin: Season 1: Episode 1","3/12/20"
"How to Sell Drugs Online (Fast): Season 1: If You Are the Smartest One in the Room, You're in the Wrong Room","3/10/20"
"How to Sell Drugs Online (Fast): Season 1: Score Big or Don't Score at All","3/10/20"
"Frat Star","2/22/20"
"The Notebook","2/22/20"
"The Pharmacist: Limited Series: Tunnel of Hope","2/14/20"
"BoJack Horseman: Season 2: Still Broken","2/8/20"
"BoJack Horseman: Season 1: Downer Ending","2/8/20"
"BoJack Horseman: Season 1: Prickly-Muffin","2/7/20"
"BoJack Horseman: Season 3: That Went Well","2/3/20"
"BoJack Horseman: Season 3: That's Too Much, Man!","2/3/20"
"BoJack Horseman: Season 4: Stupid Piece of Sh*t","2/3/20"
"That '70s Show: Season 4: The Relapse","2/3/20"
"BoJack Horseman: Season 6: Good Damage","2/3/20"
"That '70s Show: Season 4: Bye-Bye Basement","2/1/20"
"That '70s Show: Season 4: Pinciotti vs. Forman","2/1/20"
"BoJack Horseman: Season 6: Nice While It Lasted","2/1/20"
"BoJack Horseman: Season 6: The View from Halfway Down","2/1/20"
"BoJack Horseman: Season 6: Angela","2/1/20"
"BoJack Horseman: Season 6: The Horny Unicorn","2/1/20"
"BoJack Horseman: Season 6: Xerox of a Xerox","2/1/20"
"BoJack Horseman: Season 6: Sunk Cost and All That","2/1/20"
"BoJack Horseman: Season 6: Intermediate Scene Study w/ BoJack Horseman","1/31/20"
"That '70s Show: Season 4: Love, Wisconsin Style","1/28/20"
"That '70s Show: Season 4: Everybody Loves Casey","1/28/20"
"That '70s Show: Season 4: Eric's False Alarm","1/28/20"
"Sex Education: Season 2: Episode 6","1/23/20"
"Sex Education: Season 2: Episode 5","1/23/20"
"Sex Education: Season 2: Episode 4","1/21/20"
"Sex Education: Season 2: Episode 3","1/20/20"
"Sex Education: Season 2: Episode 2","1/20/20"
"Sex Education: Season 2: Episode 1","1/20/20"
"Killer Inside: The Mind of Aaron Hernandez: Limited Series: Episode 3","1/17/20"
"Killer Inside: The Mind of Aaron Hernandez: Limited Series: Episode 2","1/17/20"
"Killer Inside: The Mind of Aaron Hernandez: Limited Series: Episode 1","1/16/20"
"Ferris Bueller's Day Off","1/13/20"
"Sex Education: Season 1: Episode 8","1/8/20"
"Sex Education: Season 1: Episode 7","1/8/20"
"Sex Education: Season 1: Episode 6","1/7/20"
"Sex Education: Season 1: Episode 5","1/5/20"
"Sex Education: Season 1: Episode 4","1/5/20"
"Sex Education: Season 1: Episode 3","1/4/20"
"Sex Education: Season 1: Episode 2","1/4/20"
"Sex Education: Season 1: Episode 1","1/3/20"
"1983: Season 1: Rollback","1/3/20"
"Sex, Explained: Limited Series: Fertility","1/3/20"
"Sex, Explained: Limited Series: Birth Control","1/3/20"
"Forensic Files: Collection 9: Dinner and a Movie","12/31/19"
"You: Season 1: Everythingship","12/30/19"
"You: Season 1: Amour Fou","12/30/19"
"You: Season 1: Living with the Enemy","12/30/19"
"You: Season 1: The Captain","12/30/19"
"You: Season 1: Maybe","12/30/19"
"You: Season 1: The Last Nice Guy in New York","12/30/19"
"Insatiable: Season 1: Skinny Is Magic","12/29/19"
"Better Call Saul: Season 3: Lantern","12/20/19"
"Better Call Saul: Season 3: Fall","12/20/19"
"Better Call Saul: Season 3: Slip","12/20/19"
"Better Call Saul: Season 3: Expenses","12/19/19"
"Better Call Saul: Season 3: Off Brand","12/18/19"
"Better Call Saul: Season 3: Chicanery","12/18/19"
"Better Call Saul: Season 3: Sabrosito","12/17/19"
"Better Call Saul: Season 3: Sunk Costs","12/17/19"
"Better Call Saul: Season 3: Witness","12/17/19"
"Better Call Saul: Season 3: Mabel","12/17/19"
"Better Call Saul: Season 2: Klick","12/16/19"
"Better Call Saul: Season 2: Nailed","12/16/19"
"Better Call Saul: Season 2: Fifi","12/16/19"
"Better Call Saul: Season 2: Inflatable","12/16/19"
"Better Call Saul: Season 2: Bali Ha'i","12/16/19"
"Better Call Saul: Season 2: Gloves Off","12/16/19"
"The End of the F***ing World: Season 1: Episode 3","12/9/19"
"The End of the F***ing World: Season 1: Episode 2","12/8/19"
"Better Call Saul: Season 2: Amarillo","12/8/19"
"Better Call Saul: Season 2: Cobbler","12/8/19"
"Better Call Saul: Season 1: Rico","12/8/19"
"Better Call Saul: Season 2: Switch","12/7/19"
"Zombieland","12/7/19"
"Better Call Saul: Season 1: Marco","12/7/19"
"Better Call Saul: Season 1: Pimento","12/7/19"
"Breaking Bad: Season 5: Felina","11/26/19"
"BoJack Horseman: Season 1: BoJack Horseman: The BoJack Horseman Story, Chapter One","11/17/19"
"The End of the F***ing World: Season 1: Episode 1","11/14/19"
"Gerald's Game","11/6/19"
"BoJack Horseman: Season 6: A Quick One, While He's Away","10/27/19"
"BoJack Horseman: Season 6: The Face of Depression","10/26/19"
"BoJack Horseman: Season 6: Feel-Good Story","10/25/19"
"BoJack Horseman: Season 6: The New Client","10/25/19"
"BoJack Horseman: Season 6: A Horse Walks into a Rehab","10/25/19"
"BoJack Horseman: Season 5: The Showstopper","10/25/19"
"The Good Place: Season 3: Pandemonium","10/10/19"
"The Good Place: Season 3: Chidi Sees the Time-Knife","10/9/19"
"The Good Place: Season 3: The Book of Dougs","10/9/19"
"The Good Place: Season 3: Janet(s)","10/9/19"
"The Good Place: Season 3: Don't Let the Good Life Pass You By","10/9/19"
"The Good Place: Season 3: The Worst Possible Use of Free Will","10/9/19"
"That '70s Show: Season 2: Parents Find Out","10/8/19"
"That '70s Show: Season 2: Afterglow","10/8/19"
"Big Mouth: Season 3: Super Mouth","10/7/19"
"Big Mouth: Season 3: Disclosure the Movie: The Musical!","10/7/19"
"Big Mouth: Season 3: The ASSes","10/7/19"
"Big Mouth: Season 3: Rankings","10/5/19"
"The Good Place: Season 3: A Fractured Inheritance","10/4/19"
"Big Mouth: Season 3: Cellsea","10/4/19"
"Big Mouth: Season 3: Girls Are Angry Too","10/4/19"
"The Good Place: Season 3: The Ballad of Donkey Doug","10/3/19"
"The Good Place: Season 3: Jeremy Bearimy","10/3/19"
"The Good Place: Season 3: The Snowplow","10/3/19"
"The Good Place: Season 3: The Brainy Bunch","10/3/19"
"The Good Place: Season 3: Everything is Bonzer","10/3/19"
"The Good Place: Season 2: Somewhere Else","10/2/19"
"The Good Place: Season 2: Best Self","10/2/19"
"The Good Place: Season 2: The Burrito","10/2/19"
"The Good Place: Season 2: Rhonda, Diana, Jake, and Trent","10/2/19"
"The Good Place: Season 2: Leap to Faith","10/1/19"
"The Good Place: Season 2: Derek","9/30/19"
"The Good Place: Season 2: Janet and Michael","9/30/19"
"The Good Place: Season 2: The Trolley Problem","9/30/19"
"The Good Place: Season 2: Existential Crisis","9/30/19"
"The Good Place: Season 2: Team Cockroach","9/30/19"
"The Good Place: Season 2: Dance Dance Resolution","9/29/19"
"The Good Place: Season 2: Everything Is Great!","9/29/19"
"The Good Place: Season 1: Michael's Gambit","9/28/19"
"The Good Place: Season 1: Mindy St. Claire","9/28/19"
"The Good Place: Season 1: What's My Motivation","9/28/19"
"The Good Place: Season 1: Chidi's Choice","9/28/19"
"The Good Place: Season 1: ...Someone Like Me as a Member","9/28/19"
"The Good Place: Season 1: Most Improved Player","9/27/19"
"The Good Place: Season 1: The Eternal Shriek","9/27/19"
"The Good Place: Season 1: What We Owe to Each Other","9/26/19"
"The Good Place: Season 1: Category 55 Emergency Doomsday Crisis","9/26/19"
"The Good Place: Season 1: Jason Mendoza","9/26/19"
"The Good Place: Season 1: Tahani Al-Jamil","9/26/19"
"The Good Place: Season 1: Flying","9/25/19"
"The Good Place: Season 1: Everything Is Fine","9/25/19"
"That '70s Show: Season 1: First Date","9/10/19"
"That '70s Show: Season 1: The Pill","9/4/19"
"Heathers","8/19/19"
"BoJack Horseman: Season 5: Head in the Clouds","8/18/19"
"BoJack Horseman: Season 5: Ancient History","8/18/19"
"Forensic Files: Collection 9: Dessert Served Cold","8/9/19"
"Forensic Files: Collection 4: The Disappearance of Helle Crafts","8/9/19"
"Forensic Files: Collection 6: Prints Among Thieves","8/8/19"
"Forensic Files: Collection 6: Burning Desire","8/8/19"
"BoJack Horseman: Season 4: Hooray! Todd Episode!","8/8/19"
"BoJack Horseman: Season 4: The Old Sugarman Place","8/8/19"
"BoJack Horseman: Season 4: See Mr. Peanutbutter Run","8/8/19"
"BoJack Horseman: Season 4: Thoughts and Prayers","8/8/19"
"BoJack Horseman: Season 4: Commence Fracking","8/8/19"
"Total Drama: Island: The Not So Great Outdoors: Part 1","8/4/19"
"BoJack Horseman: Season 3: Fish Out Of Water","8/4/19"
"BoJack Horseman: Season 3: BoJack Kills","8/4/19"
"BoJack Horseman: Season 3: The BoJack Horseman Show","8/4/19"
"BoJack Horseman: Season 3: Start Spreading the News","8/3/19"
"Forensic Files: Collection 6: Road Rage","8/3/19"
"Forensic Files: Collection 2: Summer Obsession","8/3/19"
"Forensic Files: Collection 2: Cop Out","8/3/19"
"BoJack Horseman: Season 2: Out to Sea","8/2/19"
"BoJack Horseman: Season 2: Escape from L.A.","8/2/19"
"Forensic Files: Collection 2: To the Viktor","8/2/19"
"Forensic Files: Collection 2: High 'n' Dry","8/2/19"
"BoJack Horseman: Season 2: Let's Find Out","8/1/19"
"BoJack Horseman: Season 2: Hank After Dark","8/1/19"
"Forensic Files: Collection 2: Garden of Evil","8/1/19"
"That '70s Show: Season 4: It's a Wonderful Life","7/30/19"
"BoJack Horseman: Season 1: Horse Majeure","7/30/19"
"BoJack Horseman: Season 1: The Telescope","7/30/19"
"BoJack Horseman: Season 1: Say Anything","7/30/19"
"BoJack Horseman: Season 1: Our A-Story Is a 'D' Story","7/30/19"
"That '70s Show: Season 2: Kitty and Eric's Night Out","7/29/19"
"That '70s Show: Season 2: The First Time","7/29/19"
"That '70s Show: Season 1: Prom Night","7/29/19"
"Forensic Files: Collection 8: A Bitter Pill to Swallow","7/28/19"
"Forensic Files: Collection 4: Outbreak","7/27/19"
"Forensic Files: Collection 4: The Wilson Murder","7/27/19"
"Forensic Files: Collection 4: The Big Chill","7/27/19"
"Forensic Files: Collection 4: In Harm's Way","7/26/19"
"Forensic Files: Collection 4: Private Thoughts","7/25/19"
"Stranger Things: Stranger Things 3: Chapter One: Suzie, Do You Copy?","7/20/19"
"Stranger Things: Chapter Three: Holly, Jolly","7/20/19"
"Stranger Things: Chapter Two: The Weirdo on Maple Street","7/20/19"
"That '70s Show: Season 3: Who Wants it More?","7/13/19"
"That '70s Show: Season 3: Eric's Panties","7/13/19"
"That '70s Show: Season 4: Donna's Story","7/6/19"
"That '70s Show: Season 4: That '70s Musical","7/6/19"
"That '70s Show: Season 3: Red Sees Red","7/6/19"
"That '70s Show: Season 3: Jackie Bags Hyde","7/6/19"
"That '70s Show: Season 3: Baby Fever","7/5/19"
"That '70s Show: Season 3: Donna's Panties","7/5/19"
"That '70s Show: Season 2: Eric Gets Suspended","7/5/19"
"Friends: Season 1: The One Where Nana Dies Twice","7/4/19"
"Big Mouth: Season 1: Am I Gay?","7/3/19"
"I Am Mother","6/8/19"
"Criminal Minds: Season 2: Empty Planet","6/8/19"
"Criminal Minds: Season 2: P911","6/7/19"
"Criminal Minds: Season 1: Compulsion","6/7/19"
"Criminal Minds: Season 1: Extreme Aggressor","6/7/19"
"Criminal Minds: Season 1: Poison","6/7/19"
"Black Mirror: Season 5: Smithereens","6/6/19"
"Black Mirror: Season 5: Striking Vipers","6/6/19"
"Big Mouth: Season 2: Guy Town","6/1/19"
"Big Mouth: Season 2: Steve the Virgin","5/26/19"
"Forensic Files: Collection 4: When the Dust Settled","5/26/19"
"Forensic Files: Collection 4: Order Up","5/26/19"
"Forensic Files: Collection 6: Deadly Valentine","5/26/19"
"Forensic Files: Collection 6: Army of Evidence","5/26/19"
"Forensic Files: Collection 6: Palm Saturday","5/26/19"
"Forensic Files: Collection 6: Making the Collar","5/26/19"
"Forensic Files: Collection 9: Web of Seduction","5/23/19"
"Forensic Files: Collection 9: Sign of the Zodiac","5/23/19"
"Forensic Files: Collection 8: Palm Print Conviction","5/23/19"
"Forensic Files: Collection 8: The Metal Business","5/23/19"
"Forensic Files: Collection 8: Bio-Attack","5/21/19"
"Forensic Files: Collection 8: Forever Hold Your Peace","5/21/19"
"Forensic Files: Collection 8: Cats, Flies & Snapshots","5/21/19"
"Forensic Files: Collection 8: Southside Strangler","5/21/19"
"Forensic Files: Collection 7: Visibility Zero","5/18/19"
"The Innocent Man: Season 1: Debbie and Denice","5/17/19"
"Forensic Files: Collection 7: Writing on the Wall","5/15/19"
"Forensic Files: Collection 7: Covet Thy Neighbor","5/15/19"
"Forensic Files: Collection 7: Sign of the Crime","5/15/19"
"John Mulaney: New in Town","5/14/19"
"Forensic Files: Collection 7: Deadly Rebellion","5/14/19"
"Forensic Files: Collection 7: As Fault","5/13/19"
"Forensic Files: Collection 7: Stranger in the Night","5/13/19"
"That '70s Show: Season 2: Sleepover","5/13/19"
"That '70s Show: Season 3: Eric's Naughty No-No","5/13/19"
"That '70s Show: Season 3: Kitty's Birthday (That's Today?!)","5/12/19"
"That '70s Show: Season 3: Romantic Weekend","5/12/19"
"That '70s Show: Season 3: Eric's Drunken Tattoo","5/12/19"
"That '70s Show: Season 6: Join Together","5/12/19"
"Forensic Files: Collection 7: Home Evasion","5/12/19"
"Forensic Files: Collection 7: Constructive Criticism","5/11/19"
"Forensic Files: Collection 7: Dancing with the Devil","5/10/19"
"Forensic Files: Collection 5: Charred Remains","5/10/19"
"Forensic Files: Collection 5: The Blood Trail","5/10/19"
"Forensic Files: Collection 5: Sex, Lies, and DNA","5/10/19"
"Dead to Me: Season 1: I Can't Go Back","5/10/19"
"Dead to Me: Season 1: It's All My Fault","5/9/19"
"Dead to Me: Season 1: Maybe I'm Crazy","5/9/19"
"John Mulaney: The Comeback Kid","5/8/19"
"Dead to Me: Season 1: Pilot","5/8/19"
"Big Mouth: Season 2: What Is It About Boobs?","5/8/19"
"Big Mouth: Season 2: Am I Normal?","5/8/19"
"Quicksand: Season 1: Maja","5/6/19"
"That '70s Show: Season 5: When the Levee Breaks","5/6/19"
"Forensic Files: Collection 6: Just Desserts","5/5/19"
"Forensic Files: Collection 4: Buried Treasure","5/5/19"
"Forensic Files: Collection 4: Smoke in your Eyes","5/5/19"
"Forensic Files: Collection 4: Bed of Deceit","5/4/19"
"Forensic Files: Collection 4: No Corpus Delicti","5/4/19"
"Forensic Files: Collection 4: Traces of Truth","5/4/19"
"That '70s Show: Season 6: Do You Think It's Alright?","5/4/19"
"That '70s Show: Season 6: Happy Jack","5/4/19"
"That '70s Show: Season 6: Baby Don't You Do It","5/4/19"
"That '70s Show: Season 1: Grandma's Dead","5/4/19"
"Forensic Files: Collection 4: Past Lives","5/2/19"
"Forensic Files: Collection 4: Flower Power","5/2/19"
"Forensic Files: Collection 8: Till Death Do Us Part","5/2/19"
"Forensic Files: Collection 7: Shoot to Thrill","4/28/19"
"Forensic Files: Collection 7: In the Bag","4/28/19"
"Big Mouth: Season 1: The Head Push","4/17/19"
"Big Mouth: Season 1: The Pornscape","4/17/19"
"Forensic Files: Collection 7: About Face","4/16/19"
"Forensic Files: Collection 7: Printed Proof","4/16/19"
"Forensic Files: Collection 6: Weakest Link","4/16/19"
"Forensic Files: Collection 6: Driven to Silence","4/16/19"
"Forensic Files: Collection 6: Disrobed","4/16/19"
"That '70s Show: Season 1: Punk Chick","4/14/19"
"That '70s Show: Season 1: Water Tower","4/14/19"
"Trailer Park Boys: The Animated Series: Season 1: Long Story Short … A Bear Ripped My C**k Off and Ate It","4/1/19"
"Forensic Files: Collection 6: Brotherly Love","3/30/19"
"Forensic Files: Collection 6: Traffic Violations","3/30/19"
"Forensic Files: Collection 6: Jean Pool","3/30/19"
"Forensic Files: Collection 6: Shattered Innocence","3/30/19"
"Forensic Files: Collection 6: Dog Day Afternoon","3/30/19"
"Documentary Now!: Season 1: DRONEZ: The Hunt for El Chingon","3/27/19"
"Documentary Now!: Season 1: Sandy Passage","3/25/19"
"Big Mouth: Season 1: Sleepover: A Harrowing Ordeal of Emotional Brutality","3/24/19"
"Big Mouth: Season 1: Everybody Bleeds","3/24/19"
"Big Mouth: Season 1: Ejaculation","3/24/19"
"Forensic Files: Collection 4: Cries Unheard","3/23/19"
"Forensic Files: Collection 4: Head Games","3/23/19"
"Forensic Files: Collection 6: Critical Maneuver","3/23/19"
"Forensic Files: Collection 6: No Safe Place","3/22/19"
"Forensic Files: Collection 6: Dark Waters","3/22/19"
"Forensic Files: Collection 6: Undertaken","3/22/19"
"Forensic Files: Collection 6: The Gambler","3/21/19"
"Forensic Files: Collection 6: Key Evidence","3/21/19"
"Forensic Files: Collection 6: Concrete Alibi","3/21/19"
"Forensic Files: Collection 6: Murder, She Wrote","3/17/19"
"Forensic Files: Collection 8: Something's Fishy","3/16/19"
"Forensic Files: Collection 4: Breaking News","3/15/19"
"Forensic Files: Collection 4: Hair of a Dog","3/15/19"
"Forensic Files: Collection 8: Fatal Fungus","3/14/19"
"Forensic Files: Collection 8: Bitter Potion","3/14/19"
"Forensic Files: Collection 8: Legionnaires' Disease","3/11/19"
"John Mulaney: Kid Gorgeous at Radio City","3/11/19"
"Forensic Files: Collection 6: Elemental Clue","3/10/19"
"Forensic Files: Collection 6: News at 11","3/10/19"
"Forensic Files: Collection 6: Hack Attack","3/9/19"
"Forensic Files: Collection 6: Dueling Confessions","3/9/19"
"That '70s Show: Season 2: Cat Fight Club","3/8/19"
"BoJack Horseman Christmas Special: Sabrina's Christmas Wish","3/1/19"
"The Haunting of Hill House: Steven Sees a Ghost","2/16/19"
"That '70s Show: Season 2: Laurie and the Professor","2/15/19"
"Big Mouth: Season 1: I Survived Jessi's Bat Mitzvah","2/15/19"
"That '70s Show: Season 3: Hyde's Father","2/13/19"
"That '70s Show: Season 2: Holy Crap!","2/13/19"
"Big Mouth: Season 2: The Shame Wizard","2/9/19"
"Big Mouth: Season 1: Pillow Talk","2/9/19"
"That '70s Show: Season 2: Jackie Moves On","2/9/19"
"That '70s Show: Season 2: Kelso's Serenade","2/9/19"
"That '70s Show: Season 2: Kiss of Death","2/9/19"
"FYRE: The Greatest Party That Never Happened","2/9/19"
"Abducted in Plain Sight","2/7/19"
"Chilling Adventures of Sabrina: Part 1: Chapter Two: The Dark Baptism","2/7/19"
"Conversations with a Killer: The Ted Bundy Tapes: Limited Series: Handsome Devil","1/31/19"
"Parks and Recreation: Season 2: The Set-Up","1/26/19"
"That '70s Show: Season 2: Burning Down the House","1/23/19"
"That '70s Show: Season 2: Red Gets a Job","1/23/19"
"That '70s Show: Season 2: Hunting","1/23/19"
"Pretty Little Liars: Season 1: Pilot","1/16/19"
"That '70s Show: Season 2: Eric's Stash","1/15/19"
"Pretty Little Liars: Season 1: The Jenna Thing","1/15/19"
"Parks and Recreation: Season 2: Greg Pikitis","1/13/19"
"Parks and Recreation: Season 2: Kaboom","1/13/19"
"Parks and Recreation: Season 2: Sister City","1/13/19"
"Parks and Recreation: Season 2: Practice Date","1/13/19"
"Parks and Recreation: Season 2: Beauty Pageant","1/13/19"
"Big Mouth: Season 1: Requiem for a Wet Dream","1/12/19"
"Parks and Recreation: Season 2: The Stakeout","1/11/19"
"Parks and Recreation: Season 2: Pawnee Zoo","1/11/19"
"That '70s Show: Season 2: Laurie Moves Out","1/11/19"
"That '70s Show: Season 2: Red's Birthday","1/11/19"
"That '70s Show: Season 2: I Love Cake","1/11/19"
"That '70s Show: Season 2: Vanstock","1/11/19"
"Insatiable: Season 1: WMBS","1/11/19"
"Big Mouth: Season 2: Dark Side of the Boob","1/11/19"
"That '70s Show: Season 2: Halloween","1/9/19"
"That '70s Show: Season 2: The Velvet Rope","1/9/19"
"That '70s Show: Season 2: Red's Last Day","1/9/19"
"That '70s Show: Season 2: Garage Sale","1/9/19"
"Baby: Season 1: Superpowers","1/9/19"
"QB1: Beyond the Lights: Season 1: The Journey Begins","1/4/19"
"Black Mirror: Season 3: Shut Up and Dance","1/3/19"
"Black Mirror: Bandersnatch","12/30/18"
"Perfume: Season 1: Ambergris","12/25/18"
"MINDHUNTER: Season 1: Episode 1","12/25/18"
"The Forest: Season 1: Episode 1","12/20/18"
"Black Mirror: Season 4: Hang the DJ","12/20/18"
"Inside the Criminal Mind: Season 1: Serial Killers","11/26/18"
"That '70s Show: Season 1: That Wrestling Show","11/25/18"
"That '70s Show: Season 1: Stolen Car","11/25/18"
"Making a Murderer: Part 1: Eighteen Years Lost","11/21/18"
"Making a Murderer: Part 2: Number 18","11/21/18"
"Manhunt: Unabomber: UNABOM","11/20/18"
"Cam","11/20/18"
"That '70s Show: Season 1: Ski Trip","11/17/18"
"That '70s Show: Season 1: The Best Christmas Ever","11/17/18"
"That '70s Show: Season 1: Eric's Buddy","11/17/18"
"That '70s Show: Season 1: Sunday, Bloody Sunday","11/15/18"
"That '70s Show: Season 1: Thanksgiving","11/15/18"
"Creeped Out: Season 1: Marti","11/13/18"
"Empire Records","11/13/18"
"Chilling Adventures of Sabrina: Part 1: Chapter One: October Country","11/13/18"
"Stranger Things: Chapter One: The Vanishing of Will Byers","11/10/18"
"Hot Date: Hot Date: Season 1: Relationship Goals","11/8/18"
"Limitless: Season 1: Pilot","11/7/18"
"","11/7/18"
"Hot Date: Hot Date: Season 1: Gold Diggers","11/5/18"
"Adam Ruins Everything: Collection: Adam Ruins Forensic Science","11/1/18"
"Hot Date: Hot Date: Season 1: Double Standards","11/1/18"
"Hot Date: Hot Date: Season 1: Where Have All My Friends Gone","11/1/18"
"Hot Date: Hot Date: Season 1: Throwback Thursday","11/1/18"
"Elite: Season 1: Welcome","11/1/18"
"That '70s Show: Season 1: Drive-In","10/27/18"
"That '70s Show: Season 1: That Disco Episode","10/27/18"
"That '70s Show: Season 1: Eric's Burger Job","10/27/18"
"That '70s Show: Season 1: Battle of the Sexists","10/26/18"
"That '70s Show: Season 1: Streaking","10/26/18"
"That '70s Show: Season 1: Eric's Birthday","10/26/18"
"Forensic Files: Collection 5: Death by a Salesman","10/24/18"
"Forensic Files: Collection 5: Over and Out","10/24/18"
"Criminal Minds: Season 1: Secrets and Lies","10/21/18"
"To All the Boys I’ve Loved Before","10/21/18"
"Cruel Intentions","10/19/18"
"The Breakfast Club","10/19/18"
"Big Mouth: Season 2: The Department of Puberty","10/19/18"
"Big Mouth: Season 2: Smooch or Share","10/18/18"
"Riverdale: Season 2: Chapter Fourteen: A Kiss Before Dying","10/15/18"
"Maniac: Limited Series: The Chosen One!","10/1/18"
"BoJack Horseman: Season 5: BoJack the Feminist","9/21/18"
"Adventures in Public School","9/6/18"
"That '70s Show: Season 1: Pilot","9/1/18"
"That '70s Show: Season 3: Roller Disco","9/1/18"
"Insatiable: Season 1: Miss Bareback Buckaroo","8/29/18"
"Insatiable: Season 1: Pilot","8/15/18"
"The Office (U.S.): Season 1: Hot Girl","8/2/18"
"The Office (U.S.): Season 1: Basketball","8/2/18"
"The Office (U.S.): Season 1: The Alliance","8/2/18"
"That '70s Show: Season 3: Too Old to Trick or Treat, Too Young to Die","7/20/18"
"Zumbo's Just Desserts: Season 1: Episode 1","6/29/18"
"That '70s Show: Season 3: Reefer Madness","6/28/18"
"Unveiled: Season 1: REBECCA & BISH","6/28/18"
"Unveiled: Season 1: SAM & TRENT","6/28/18"
"Unveiled: Season 1: ALI & BEN","6/27/18"
"100% Hotter: Collection 1: Season 1, Episode 4","6/27/18"
"100% Hotter: Collection 1: Season 1, Episode 1","6/26/18"
"100% Hotter: Collection 1: Season 1, Episode 3","6/26/18"
"100% Hotter: Collection 1: Season 1, Episode 2","6/26/18"
"Star Wars: The Clone Wars","6/20/18"
"That '70s Show: Season 1: A New Hope","6/20/18"
"Scream 2","6/14/18"
"That '70s Show: Season 3: Holy Craps","6/14/18"
"Wedding Unplanned","6/10/18"
"Adventureland","6/7/18"
"That '70s Show: Season 7: Short and Curlies","6/1/18"
"Forensic Files: Collection 5: Letter Perfect","5/31/18"
"BoJack Horseman: Season 2: Yes And","5/31/18"
"That '70s Show: Season 4: Uncomfortable Ball Stuff","5/30/18"
"The 40-Year-Old Virgin","5/30/18"
"That '70s Show: Season 4: Hyde Gets the Girl","5/30/18"
"That '70s Show: Season 7: 2000 Light Years from Home","5/29/18"
"That '70s Show: Season 7: 2120 So. Michigan Ave.","5/29/18"
"That '70s Show: Season 7: Gimme Shelter","5/29/18"
"That '70s Show: Season 7: Who's Been Sleeping Here?","5/29/18"
"That '70s Show: Season 7: Oh, Baby (We Got a Good Thing Goin')","5/29/18"
"That '70s Show: Season 7: Down the Road Apiece","5/29/18"
"That '70s Show: Season 7: On with the Show","5/28/18"
"That '70s Show: Season 7: It's All Over Now","5/28/18"
"That '70s Show: Season 7: Street Fighting Man","5/25/18"
"That '70s Show: Season 7: Can't You Hear Me Knocking","5/25/18"
"That '70s Show: Season 7: Don't Lie to Me","5/25/18"
"That '70s Show: Season 7: Winter","5/24/18"
"That '70s Show: Season 7: Surprise, Surprise","5/24/18"
"That '70s Show: Season 7: You Can't Always Get What You Want","5/23/18"
"That '70s Show: Season 7: Angie","5/23/18"
"That '70s Show: Season 7: Mother's Little Helper","5/23/18"
"That '70s Show: Season 7: Rip This Joint","5/23/18"
"That '70s Show: Season 7: It's Only Rock and Roll","5/22/18"
"That '70s Show: Season 7: Beast of Burden","5/21/18"
"That '70s Show: Season 7: (I Can't Get No) Satisfaction","5/21/18"
"That '70s Show: Season 7: Let's Spend the Night Together","5/21/18"
"That '70s Show: Season 7: Time Is on My Side","5/20/18"
"That '70s Show: Season 6: The Seeker","5/20/18"
"That '70s Show: Season 6: Going Mobile","5/20/18"
"That '70s Show: Season 6: My Wife","5/20/18"
"That '70s Show: Season 6: Sparks","5/20/18"
"That '70s Show: Season 6: 5:15","5/20/18"
"That '70s Show: Season 6: Squeeze Box","5/17/18"
"That '70s Show: Season 6: Substitute","5/17/18"
"That '70s Show: Season 6: Man with Money","5/17/18"
"That '70s Show: Season 6: Who Are You","5/17/18"
"That '70s Show: Season 6: Won't Get Fooled Again","5/17/18"
"That '70s Show: Season 6: Sally Simpson","5/17/18"
"That '70s Show: Season 6: I Can See for Miles","5/17/18"
"That '70s Show: Season 6: A Legal Matter","5/17/18"
"That '70s Show: Season 6: Young Man Blues","5/17/18"
"That '70s Show: Season 6: I'm a Boy","5/15/18"
"That '70s Show: Season 6: Christmas","5/15/18"
"That '70s Show: Season 6: We're Not Gonna Take It","5/15/18"
"That '70s Show: Season 6: I'm Free","5/15/18"
"That '70s Show: Season 6: The Acid Queen","5/15/18"
"That '70s Show: Season 6: Magic Bus","5/15/18"
"That '70s Show: Season 6: The Kids Are Alright","5/15/18"
"That '70s Show: Season 5: Celebration Day","5/14/18"
"That '70s Show: Season 5: Immigrant Song","5/14/18"
"That '70s Show: Season 5: Nobody's Fault But Mine","5/13/18"
"That '70s Show: Season 5: You Shook Me","5/13/18"
"That '70s Show: Season 5: Trampled Under Foot","5/13/18"
"That '70s Show: Season 5: No Quarter","5/13/18"
"That '70s Show: Season 5: Bring It on Home","5/13/18"
"That '70s Show: Season 5: Hey, Hey What Can I Do?","5/13/18"
"That '70s Show: Season 5: The Battle of Evermore","5/13/18"
"That '70s Show: Season 5: Whole Lotta Love","5/13/18"
"That '70s Show: Season 5: Babe I'm Gonna Leave You","5/8/18"
"That '70s Show: Season 5: Your Time Is Gonna Come","5/8/18"
"That '70s Show: Season 5: Misty Mountain Hop","5/8/18"
"That '70s Show: Season 5: The Girl I Love","5/8/18"
"That '70s Show: Season 5: The Crunge","5/8/18"
"That '70s Show: Season 5: Black Dog","5/8/18"
"That '70s Show: Season 5: Thank You","5/8/18"
"That '70s Show: Season 5: Hot Dog","5/8/18"
"That '70s Show: Season 5: Over the Hills and Far Away","5/8/18"
"The Rain: Season 1: Stay Inside","5/6/18"
"That '70s Show: Season 5: Ramble On","5/6/18"
"That '70s Show: Season 5: Heartbreaker","5/6/18"
"That '70s Show: Season 5: What Is and What Should Never Be","5/6/18"
"That '70s Show: Season 5: I Can't Quit You Baby","5/6/18"
"That '70s Show: Season 5: Going to California","5/4/18"
"That '70s Show: Season 4: Hyde's Birthday","5/3/18"
"That '70s Show: Season 4: Eric's Corvette Caper","5/1/18"
"That '70s Show: Season 4: Prank Day","5/1/18"
"That '70s Show: Season 4: Class Picture","4/30/18"
"That '70s Show: Season 4: Jackie's Cheese Squeeze","4/30/18"
"That '70s Show: Season 4: Leo Loves Kitty","4/30/18"
"That '70s Show: Season 4: Kelso's Career","4/30/18"
"That '70s Show: Season 4: Donna Dates a Kelso","4/30/18"
"That '70s Show: Season 4: Tornado Prom","4/30/18"
"That '70s Show: Season 4: Eric's Hot Cousin","4/29/18"
"That '70s Show: Season 4: Jackie Says Cheese","4/28/18"
"That '70s Show: Season 4: An Eric Forman Christmas","4/28/18"
"That '70s Show: Season 4: Third Wheel","4/24/18"
"That '70s Show: Season 4: Red & Stacey","4/24/18"
"That '70s Show: Season 4: The Forgotten Son","4/24/18"
"Cabin Fever","4/23/18"
"That '70s Show: Season 3: Backstage Pass","4/19/18"
"That '70s Show: Season 3: Canadian Road Trip","4/19/18"
"That '70s Show: Season 3: Fez Dates Donna","4/19/18"
"Forensic Files: Collection 5: Brotherhoods","4/17/18"
"The Twilight Zone (Original Series): Season 1: Walking Distance","4/14/18"
"The Twilight Zone (Original Series): Season 1: The Sixteen Millimeter Shrine","4/14/18"
"The Twilight Zone (Original Series): Season 1: Mr. Denton on Doomsday","4/14/18"
"BoJack Horseman: Season 1: Later","4/4/18"
"BoJack Horseman: Season 1: One Trick Pony","4/4/18"
"The Godfather","3/30/18"
"BoJack Horseman: Season 1: Live Fast, Diane Nguyen","3/30/18"
"BoJack Horseman: Season 1: Zoës and Zeldas","3/30/18"
"BoJack Horseman: Season 1: BoJack Hates the Troops","3/28/18"
"That '70s Show: Season 3: The Trials of M. Kelso","3/15/18"
"Dismissed","3/15/18"
"That '70s Show: Season 3: Radio Daze","3/14/18"
"That '70s Show: Season 3: Dine & Dash","3/13/18"
"That '70s Show: Season 3: Fez Gets the Girl","3/13/18"
"That '70s Show: Season 3: Ice Shack","3/13/18"
"","3/11/18"
"Forensic Files: Collection 5: Paintball","3/11/18"
"Forensic Files: Collection 5: The Music Case","3/11/18"
"That '70s Show: Season 3: Hyde's Christmas Rager","3/9/18"
"Forensic Files: Collection 5: Scratching the Surface","3/9/18"
"That '70s Show: Season 2: Moon Over Point Place","3/4/18"
"That '70s Show: Season 2: Red Fired Up","3/4/18"
"Forensic Files: Collection 5: Dressed to Kill","3/3/18"
"Forensic Files: Collection 5: A Leg to Stand On","3/3/18"
"Forensic Files: Collection 5: A Clutch of Witnesses","3/3/18"
"Forensic Files: Collection 5: The Alibi","3/3/18"
"Forensic Files: Collection 5: Bagging a Killer","3/3/18"
"Forensic Files: Collection 5: Sibling Rivalry","3/2/18"
"Forensic Files: Collection 5: Punch Line","3/2/18"
"Forensic Files: Collection 5: Pure Evil","3/1/18"
"Forensic Files: Collection 5: Church Disappearance","2/24/18"
"Gilmore Girls: Season 3: Keg! Max!","2/24/18"
"That '70s Show: Season 1: The Good Son","2/3/18"
"That '70s Show: Season 1: Hyde Moves In","2/3/18"
"Happy Tree Friends: One Foot in the Grave","1/26/18"
"Step Sisters","1/19/18"
"Riverdale: Season 1: Chapter One: The River's Edge","1/19/18"
"Caddyshack","1/19/18"
"Black Mirror: Season 3: San Junipero","1/14/18"
"13 Reasons Why: Season 1: Tape 3, Side B","1/12/18"
"13 Reasons Why: Season 1: Tape 3, Side A","1/12/18"
"13 Reasons Why: Season 1: Tape 2, Side B","1/3/18"
"Bates Motel: Season 1: First You Dream, Then You Die","1/2/18"
"13 Reasons Why: Season 1: Tape 2, Side A","1/2/18"
"13 Reasons Why: Season 1: Tape 1, Side B","12/31/17"
"13 Reasons Why: Season 1: Tape 1, Side A","12/30/17"
"Violetta: Season 1: Episode 1","12/28/17"
"Midsomer Murders: Series 1: The Killings at Badger's Drift","12/20/17"
"BoJack Horseman: Season 4: What Time Is It Right Now","12/19/17"
"Hotel Beau Séjour: Season 1: The Body","12/19/17"
"BoJack Horseman: Season 4: Time's Arrow","12/19/17"
"BoJack Horseman: Season 4: lovin that cali lifestyle!!","12/19/17"
"Criminal Minds: Season 1: Charm and Harm","12/10/17"
"The Break: Season 1: Episode 1","12/8/17"
"Bordertown: Season 1: The Dolls' House (Part One)","12/8/17"
"BoJack Horseman: Season 4: Ruthie","12/8/17"
"BoJack Horseman: Season 4: The Judge","12/8/17"
"BoJack Horseman: Season 4: Underground","12/8/17"
"That '70s Show: Season 1: Career Day","11/29/17"
"That '70s Show: Season 1: The Keg","11/27/17"
"BoJack Horseman: Season 3: It's You","11/25/17"
"BoJack Horseman: Season 3: Best Thing That Ever Happened","11/25/17"
"BoJack Horseman: Season 3: Old Acquaintance","11/25/17"
"BoJack Horseman: Season 3: Stop the Presses","11/24/17"
"BoJack Horseman: Season 3: Brrap Brrap Pew Pew","11/24/17"
"BoJack Horseman: Season 3: Love And/Or Marriage","11/24/17"
"BoJack Horseman: Season 2: The Shot","11/21/17"
"BoJack Horseman: Season 2: Higher Love","11/21/17"
"BoJack Horseman: Season 2: Chickens","11/21/17"
"BoJack Horseman: Season 2: Yesterdayland","11/21/17"
"BoJack Horseman: Season 2: Brand New Couch","11/21/17"
"Criminal Minds: Season 1: Machismo","11/20/17"
"American Vandal: Season 1: Hard Facts: Vandalism and Vulgarity","11/20/17"
"Criminal Minds: Season 1: Unfinished Business","11/20/17"
"Criminal Minds: Season 1: The Tribe","11/19/17"
"Horsin' Around","11/18/17"
"Trust","11/16/17"
"Criminal Minds: Season 1: Won't Get Fooled Again","11/16/17"
"Pacific Heat: Season 1: A Dangerous Game","11/15/17"
"Club de Cuervos: Season 1: Be a Captain","11/13/17"
"Be Arrogant: Season 1: Serengeti across the street","11/13/17"
"You Get Me","11/13/17"
"Criminal Minds: Season 1: Natural Born Killer","11/12/17"
"Criminal Minds: Season 5: Outfoxed","11/10/17"
"Criminal Minds: Season 1: The Fox","11/10/17"
"Criminal Minds: Season 2: The Big Game","11/9/17"
"Criminal Minds: Season 4: Conflicted","11/9/17"
"Scary Movie","11/8/17"
"Dexter: Season 1: Dexter","11/8/17"
"Criminal Minds: Season 6: Middle Man","11/7/17"
"Stranger Things: Stranger Things 2: Chapter Eight: The Mind Flayer","11/4/17"
"Stranger Things: Stranger Things 2: Chapter Nine: The Gate","11/4/17"
"Stranger Things: Stranger Things 2: Chapter Seven: The Lost Sister","11/3/17"
"Stranger Things: Stranger Things 2: Chapter Six: The Spy","11/2/17"
"Stranger Things: Stranger Things 2: Chapter Five: Dig Dug","10/31/17"
"Stranger Things: Stranger Things 2: Chapter Four: Will the Wise","10/30/17"
"Stranger Things: Stranger Things 2: Chapter Three: The Pollywog","10/30/17"
"Stranger Things: Stranger Things 2: Chapter Two: Trick or Treat, Freak","10/30/17"
"Stranger Things: Stranger Things 2: Chapter One: MADMAX","10/29/17"
"Stranger Things: Chapter Eight: The Upside Down","10/27/17"
"Adventures in Babysitting","10/26/17"
"Can't Buy Me Love","10/26/17"
"El Barco: Season 1: Un millón de millas","10/25/17"
"Law & Order: Special Victims Unit: The Fourteenth Year: Lost Reputation","10/25/17"
"The Babadook","10/25/17"
"The Inbetweeners: Season 1: First Day","10/20/17"
"Riverdale: Season 1: Chapter Thirteen: The Sweet Hereafter","10/19/17"
"Riverdale: Season 1: Chapter Twelve: Anatomy of a Murder","10/19/17"
"Riverdale: Season 1: Chapter Eleven: To Riverdale and Back Again","10/18/17"
"Riverdale: Season 1: Chapter Ten: The Lost Weekend","10/18/17"
"Riverdale: Season 1: Chapter Nine: La Grande Illusion","10/18/17"
"Riverdale: Season 1: Chapter Eight: The Outsiders","10/17/17"
"Riverdale: Season 1: Chapter Seven: In a Lonely Place","10/15/17"
"Riverdale: Season 1: Chapter Six: Faster, Pussycats! Kill! Kill!","10/14/17"
"Riverdale: Season 1: Chapter Five: Heart of Darkness","10/13/17"
"Riverdale: Season 1: Chapter Four: The Last Picture Show","10/13/17"
"Riverdale: Season 1: Chapter Three: Body Double","10/12/17"
"Riverdale: Season 1: Chapter Two: Touch of Evil","10/12/17"
"The Late Bloomer","10/11/17"
"Mean Girls","10/11/17"
"The Office (U.S.): Season 1: Health Care","10/4/17"
"The Office (U.S.): Season 1: Diversity Day","10/4/17"
"Black Mirror: Season 3: Nosedive","10/4/17"
"A Cinderella Story","10/2/17"
"Gilmore Girls: Season 1: Pilot","10/2/17"
"It Follows","9/22/17"
"StarStruck","8/19/17"
"Geek Charming","8/19/17"
"Bridget Jones's Diary","8/19/17"
"Necrophobia","8/6/17"
"Descendants of the Sun: Season 1: Episode 1","8/2/17"
"The Office (U.S.): Season 4: Night Out","7/30/17"
"The Office (U.S.): Season 4: The Chair Model","7/30/17"
"The Office (U.S.): Season 4: Dinner Party","7/30/17"
"The Office (U.S.): Season 4: The Deposition","7/24/17"
"The Office (U.S.): Season 4: Survivor Man","7/24/17"
"The Office (U.S.): Season 4: Branch Wars","7/24/17"
"The Office (U.S.): Season 4: Local Ad","7/24/17"
"White Chicks","7/22/17"
"The Shining","7/21/17"
"The Office (U.S.): Season 4: Money","7/21/17"
"The Office (U.S.): Season 4: Launch Party","7/21/17"
"The Office (U.S.): Season 4: Dunder Mifflin Infinity","7/21/17"
"The Texas Chainsaw Massacre: The Beginning","7/16/17"
"The Office (U.S.): Season 4: Fun Run","7/15/17"
"The Office (U.S.): Season 3: The Job","7/15/17"
"The Office (U.S.): Season 3: Beach Games","7/15/17"
"The Craft","7/13/17"
"Moana","7/13/17"
"The Office (U.S.): Season 3: Women's Appreciation","7/10/17"
"The Office (U.S.): Season 3: Product Recall","7/10/17"
"The Office (U.S.): Season 3: Phyllis's Wedding","7/10/17"
"The Office (U.S.): Season 3: Ben Franklin","7/10/17"
"The Office (U.S.): Season 3: Safety Training","7/9/17"
"The Office (U.S.): Season 3: The Negotiation","7/9/17"
"The Office (U.S.): Season 3: Cocktails","7/9/17"
"The Office (U.S.): Season 3: Business School","7/9/17"
"Happy Valley","7/9/17"
"The Office (U.S.): Season 3: The Return","7/8/17"
"The Office (U.S.): Season 3: Traveling Salesmen","7/8/17"
"The Office (U.S.): Season 3: Back from Vacation","7/8/17"
"The Office (U.S.): Season 3: A Benihana Christmas","7/8/17"
"The Office (U.S.): Season 3: The Convict","7/8/17"
"The Office (U.S.): Season 3: The Merger","7/7/17"
"The Office (U.S.): Season 3: Branch Closing","7/7/17"
"The Office (U.S.): Season 3: Diwali","7/7/17"
"The Office (U.S.): Season 3: Initiation","7/6/17"
"The Office (U.S.): Season 3: Grief Counseling","7/6/17"
"The Office (U.S.): Season 3: The Coup","7/6/17"
"The Office (U.S.): Season 3: The Convention","7/6/17"
"The Office (U.S.): Season 3: Gay Witch Hunt","7/6/17"
"The Office (U.S.): Season 2: Casino Night","7/6/17"
"The Office (U.S.): Season 2: Conflict Resolution","7/3/17"
"The Office (U.S.): Season 2: Drug Testing","7/3/17"
"The Office (U.S.): Season 2: Michael's Birthday","7/3/17"
"The Office (U.S.): Season 2: Take Your Daughter to Work Day","7/3/17"
"The Office (U.S.): Season 2: Dwight's Speech","7/2/17"
"The Office (U.S.): Season 2: Valentine's Day","7/2/17"
"The Office (U.S.): Season 2: Boys and Girls","7/2/17"
"The Office (U.S.): Season 2: The Carpet","7/2/17"
"46: Season 1: Episode 1","7/2/17"
"Breakout: Season 1: Episode 1","7/2/17"
"El Internado: Season 1: Los monstruos no hacen cosquillas","7/2/17"
"The Office (U.S.): Season 2: The Secret","7/1/17"
"The Office (U.S.): Season 2: The Injury","7/1/17"
"The Office (U.S.): Season 2: Booze Cruise","7/1/17"
"The Office (U.S.): Season 2: Christmas Party","7/1/17"
"The Office (U.S.): Season 2: Email Surveillance","7/1/17"
"The Mighty Ducks","7/1/17"
"El Internado: Season 1: Todo el mundo tiene un secreto","7/1/17"
"Atlantis: The Lost Empire","6/30/17"
"Black Mirror: Season 2: White Bear","6/30/17"
"The Office (U.S.): Season 2: Performance Review","6/29/17"
"The Office (U.S.): Season 2: The Client","6/29/17"
"The Office (U.S.): Season 2: The Fight","6/29/17"
"The Office (U.S.): Season 2: Halloween","6/28/17"
"The Office (U.S.): Season 2: The Fire","6/28/17"
"The Office (U.S.): Season 2: Office Olympics","6/27/17"
"The Office (U.S.): Season 2: Sexual Harassment","6/27/17"
"The Office (U.S.): Season 2: The Dundies","6/27/17"
"The Office (U.S.): Season 1: Pilot","6/26/17"
"Forensic Files: Collection 5: Frozen Evidence","6/23/17"
"Forensic Files: Collection 5: Mistaken for Dead","6/23/17"
"Forensic Files: Collection 5: Hand Delivered","6/23/17"
"Camp Rock","6/23/17"
"The Lizzie McGuire Movie","6/23/17"
"Zodiac","6/7/17"
"Twin Peaks: Season 1: Zen, or the Skill to Catch a Killer","5/30/17"
"Forensic Files: Collection 5: Journey to Justice","5/30/17"
"Forensic Files: Collection 5: Unholy Vows","5/30/17"
"Forensic Files: Collection 5: Lasting Impression","5/30/17"
"Twin Peaks: Season 1: Traces to Nowhere","5/28/17"
"Twin Peaks: Season 1: Pilot","5/28/17"
"Bill Nye, the Science Guy: Collection 1: Digestion","5/26/17"
"Memento","5/25/17"
"Angus, Thongs and Perfect Snogging","5/21/17"
"Twin Peaks: Season 1: Rest in Pain","5/21/17"
"It's a Boy Girl Thing","5/17/17"
"Forrest Gump","5/13/17"
"Conspiracy: Season 1: Nazis","5/6/17"
"The Wonder Years: Season 2: Steady as She Goes","5/2/17"
"The Wonder Years: Season 2: Christmas","4/30/17"
"The Wonder Years: Season 2: Our Miss White","4/30/17"
"The Wonder Years: Season 2: The Heart of Darkness","4/30/17"
"The Wonder Years: Season 1: Dance with Me","4/30/17"
"The Wonder Years: Season 1: The Phone Call","4/29/17"
"The Wonder Years: Season 1: Angel","4/28/17"
"The Wonder Years: Season 1: My Father's Office","4/28/17"
"The Wonder Years: Season 5: Day One","4/28/17"
"Forensic Files: Collection 5: Material Evidence","4/25/17"
"Forensic Files: Collection 5: Trail of Truth","4/25/17"
"Forensic Files: Collection 5: Burning Ambition","4/25/17"
"Forensic Files: Collection 5: The Killing Room","4/25/17"
"Don't Trust the B---- in Apartment 23: Season 1: Pilot","4/25/17"
"CSI: Miami: Season 2: The Best Defense","4/24/17"
"The Wonder Years: Season 1: Swingers","4/24/17"
"The Wonder Years: Season 1: Pilot","4/24/17"
"Broadchurch: Season 2: Episode 5","4/23/17"
"10 Things I Hate About You","4/22/17"
"Broadchurch: Season 2: Episode 4","4/22/17"
"Broadchurch: Season 2: Episode 3","4/22/17"
"Broadchurch: Season 2: Episode 2","4/21/17"
"Broadchurch: Season 2: Episode 1","4/21/17"
"Homeward Bound: The Incredible Journey","4/20/17"
"The Killing: Season 1: Pilot","4/20/17"
"Gilmore Girls: Season 1: Kiss and Tell","4/20/17"
"Broadchurch: Season 1: Episode 8","4/16/17"
"Broadchurch: Season 1: Episode 7","4/16/17"
"Broadchurch: Season 1: Episode 6","4/16/17"
"Broadchurch: Season 1: Episode 5","4/16/17"
"Broadchurch: Season 1: Episode 4","4/16/17"
"Broadchurch: Season 1: Episode 3","4/16/17"
"Broadchurch: Season 1: Episode 2","4/15/17"
"Broadchurch: Season 1: Episode 1","4/15/17"
"Prison Break: Season 2: Bolshoi Booze","4/15/17"
"Prison Break: Season 2: Rendezvous","4/15/17"
"Prison Break: Season 2: Unearthed","4/15/17"
"Ingobernable: Season 1: The Decision","4/15/17"
"Prison Break: Season 2: Dead Fall","4/15/17"
"Prison Break: Season 2: Buried","4/15/17"
"Prison Break: Season 2: Subdivision","4/15/17"
"Prison Break: Season 2: Map 1213","4/15/17"
"Orange Is the New Black: Season 1: I Wasn't Ready","4/15/17"
"Prison Break: Season 2: First Down","4/14/17"
"Prison Break: Season 2: Scan","4/14/17"
"Prison Break: Season 2: Otis","4/14/17"
"Project X","4/13/17"
"Forensic Files: Collection 5: Out of the Ashes","4/12/17"
"Forensic Files: Collection 5: Speck of Evidence","4/12/17"
"Forensic Files: Collection 5: Crime Seen","4/12/17"
"Prison Break: Season 2: Manhunt","4/11/17"
"Prison Break: Season 1: Flight","4/11/17"
"Prison Break: Season 1: Go","4/11/17"
"Forensic Files: Collection 3: Shot of Vengeance","4/10/17"
"Forensic Files: Collection 3: All Wet","4/10/17"
"Forensic Files: Collection 3: Tourist Trap","4/9/17"
"Forensic Files: Collection 3: House Call","4/8/17"
"Forensic Files: Collection 3: Elephant Tracks","4/8/17"
"Forensic Files: Collection 3: Cold Storage","4/8/17"
"Forensic Files: Collection 3: Partners in Crime","4/8/17"
"Forensic Files: Collection 3: Scout's Honor","4/6/17"
"Forensic Files: Collection 3: Who's Your Daddy?","4/6/17"
"Mean Girls 2","4/3/17"
"Forensic Files: Collection 3: Shopping Spree","4/2/17"
"Forensic Files: Collection 3: Treading Not So Lightly","4/2/17"
"Forensic Files: Collection 3: Naked Justice","4/2/17"
"Forensic Files: Collection 3: Double Trouble","4/2/17"
"Forensic Files: Collection 3: Pastoral Care","3/31/17"
"Forensic Files: Collection 3: Root of All Evil","3/31/17"
"Forensic Files: Collection 3: Skin of Her Teeth","3/31/17"
"Forensic Files: Collection 3: Killer's 'Cattle'log","3/31/17"
"Forensic Files: Collection 3: Horse Play","3/31/17"
"Forensic Files: Collection 3: Whodunit","3/31/17"
"Five Came Back: Season 1: The Mission Begins","3/31/17"
"Forensic Files: Collection 3: Fire Dot Com","3/31/17"
"Forensic Files: Collection 3: Missing Pearl","3/31/17"
"Forensic Files: Collection 3: Missing in Time","3/31/17"
"Forensic Files: Collection 3: Video Diary","3/30/17"
"Forensic Files: Collection 3: Second Shot at Love","3/30/17"
"Forensic Files: Collection 3: Broken Promises","3/30/17"
"Forensic Files: Collection 3: Deadly Knowledge","3/30/17"
"Forensic Files: Collection 3: Foundation of Lies","3/30/17"
"Forensic Files: Collection 3: Dew Process","3/30/17"
"Forensic Files: Collection 3: Slippery Motives","3/29/17"
"Forensic Files: Collection 3: Haunting Vision","3/29/17"
"Forensic Files: Collection 3: Beaten by a Hair","3/29/17"
"Forensic Files: Collection 3: The Talking Skull","3/29/17"
"Forensic Files: Collection 3: The List Murders","3/28/17"
"Forensic Files: Collection 2: Killer Impression","3/28/17"
"Forensic Files: Collection 2: Ring Him Up","3/28/17"
"Forensic Files: Collection 2: Shell Game","3/28/17"
"Forensic Files: Collection 2: Chief Suspect","3/28/17"
"Forensic Files: Collection 2: A Novel Idea","3/28/17"
"Zootopia","3/26/17"
"Forensic Files: Collection 2: Live Wire","3/22/17"
"Forensic Files: Collection 2: Moss, Not Grass","3/22/17"
"Forensic Files: Collection 2: Northern Exposure","3/20/17"
"Magic Mike","3/18/17"
"Forensic Files: Collection 2: Saving Face","3/17/17"
"Forensic Files: Collection 2: Seeds for Doubt","3/17/17"
"Forensic Files: Collection 2: Point of Origin","3/17/17"
"Forensic Files: Collection 2: Deadly Matrimony","3/17/17"
"Forensic Files: Collection 2: Badge of Betrayal","3/16/17"
"Forensic Files: Collection 1: Filtered Out","3/16/17"
"Forensic Files: Collection 1: Textbook Murder","3/16/17"
"Forensic Files: Collection 1: Home of the Brave","3/16/17"
"Forensic Files: Collection 1: A Squire's Riches","3/14/17"
"Forensic Files: Collection 1: Three's a Crowd","3/14/17"
"Forensic Files: Collection 1: Hear No Evil","3/14/17"
"Forensic Files: Collection 1: Purebread Murder","3/14/17"
"Forensic Files: Collection 1: Shoe-in for Murder","3/13/17"
"Forensic Files: Collection 1: Office Visit","3/13/17"
"Forensic Files: Collection 1: Water Logged","3/7/17"
"Once Upon a Time: Season 5: The Dark Swan","3/7/17"
"Forensic Files: Collection 1: Watchful Eye","3/7/17"
"Forensic Files: Collection 1: Sole Survivor","3/6/17"
"Forensic Files: Collection 1: The Day the Music Died","3/6/17"
"Forensic Files: Collection 1: Sharper Image","3/6/17"
"Forensic Files: Collection 1: Bitter Brew","3/6/17"
"Forensic Files: Collection 1: Two in a Million","3/6/17"
"Forensic Files: Collection 1: Catch 22","3/5/17"
"Forensic Files: Collection 1: DNA Dragnet","3/4/17"
"Forensic Files: Collection 1: Church Dis-service","3/3/17"
"Forensic Files: Collection 1: Fashion Police","3/3/17"
"Forensic Files: Collection 1: Sworded Scheme","3/3/17"
"Forensic Files: Collection 1: Sands of Crime","3/3/17"
"Forensic Files: Collection 1: A Cinderella Story","3/2/17"
"Forensic Files: Collection 1: Wheel of Misfortune","3/2/17"
"Forensic Files: Collection 2: A Daughter's Journey","3/1/17"
"Forensic Files: Collection 1: Social Circle","3/1/17"
"Forensic Files: Collection 1: Muffled Cries","2/28/17"
"Forensic Files: Collection 1: Blanket of Evidence","2/27/17"
"Forensic Files: Collection 1: Step by Step","2/27/17"
"Forensic Files: Collection 1: A Tight Leash","2/27/17"
"Forensic Files: Collection 1: If I Were You","2/27/17"
"Forensic Files: Collection 1: Fresh Heir","2/26/17"
"Forensic Files: Collection 1: Skirting the Evidence","2/26/17"
"Clueless","2/25/17"
"The X-Files: Season 2: F. Emasculata","2/17/17"
"Supernatural: Season 1: Hook Man","2/17/17"
"Prison Break: Season 1: Tonight","2/15/17"
"Prison Break: Season 1: The Key","2/15/17"
"Criminal Minds: Season 3: Tabula Rasa","2/13/17"
"The Vampire Diaries: Season 1: Pilot","2/9/17"
"Grease","2/2/17"
"License to Drive","2/2/17"
"The Prince & Me","2/1/17"
"The Princess Bride","1/19/17"
"Friends: Season 2: The One with the Prom Video","1/19/17"
"Nancy Drew","1/6/17"
"Prison Break: Season 1: Bluff","1/3/17"
"Prison Break: Season 1: J-Cat","1/2/17"
"Prison Break: Season 1: Brother's Keeper","12/31/16"
"Prison Break: Season 1: By the Skin and the Teeth","12/30/16"
"Prison Break: Season 1: The Rat","12/30/16"
"Prison Break: Season 1: End of the Tunnel","12/29/16"
"Prison Break: Season 1: Odd Man Out","12/29/16"
"Prison Break: Season 1: And Then There Were 7","12/29/16"
"Prison Break: Season 1: Sleight of Hand","12/29/16"
"Prison Break: Season 1: Tweener","12/29/16"
"Prison Break: Season 1: The Old Head","12/29/16"
"Prison Break: Season 1: Riots, Drills and the Devil: Part 2","12/29/16"
"Prison Break: Season 1: Riots, Drills and the Devil: Part 1","12/29/16"
"Prison Break: Season 1: English, Fitz or Percy","12/28/16"
"Prison Break: Season 1: Cute Poison","12/28/16"
"Prison Break: Season 1: Allen","12/28/16"
"Prison Break: Season 1: Pilot","12/28/16"
"Grease: Live","12/28/16"
"Sixteen Candles","12/28/16"
"Black Mirror: Season 2: The Waldo Moment","12/28/16"
"Black Mirror: Season 1: The National Anthem","12/23/16"
"The X-Files: Season 1: Roland","12/21/16"
"Stranger Things: Chapter Seven: The Bathtub","12/18/16"
"The X-Files: Season 1: Lazarus","12/16/16"
"The X-Files: Season 1: Gender Bender","12/16/16"
"London Has Fallen","12/16/16"
"Saved by the Bell: Season 1: Parents and Teachers","12/16/16"
"The X-Files: Season 1: Pilot","12/14/16"
"The X-Files: Season 1: Ice","12/14/16"
"Hawaii Five-0: Season 1: 'Ohana (Family)","12/12/16"
"Dexter: Season 1: Crocodile","12/12/16"
"Dexter: Season 2: Waiting to Exhale","12/12/16"
"Fuller House: Season 2: DJ and Kimmy's High School Reunion","12/11/16"
"Stranger Things: Chapter Six: The Monster","12/10/16"
"Saved by the Bell: Season 2: The Lisa Card","12/10/16"
"Hairspray","12/10/16"
"Stranger Things: Chapter Five: The Flea and the Acrobat","12/9/16"
"Stranger Things: Chapter Four: The Body","12/9/16"
"Grace and Frankie: Season 1: The End","12/9/16"
"Criminal Minds: Season 4: Pleasure Is My Business","12/9/16"
"Criminal Minds: Season 4: Masterpiece","12/5/16"
"Criminal Minds: Season 5: The Internet Is Forever","12/5/16"
"D2: The Mighty Ducks","12/3/16"
"Honey, I Shrunk the Kids","12/3/16"
"Saved by the Bell: Season 1: Leaping to Conclusions","11/28/16"
"Saved by the Bell: Season 1: Wall Street","11/27/16"
"Saved by the Bell: Season 1: Love Letters","11/27/16"
"Saved by the Bell: Season 1: Summer Love","11/27/16"
"Glee: Season 1: Pilot","11/25/16"
"Gilmore Girls: Season 5: Say Goodbye to Daisy Miller","11/25/16"
"Read It and Weep","11/23/16"
"Cheers: Season 1: Pilot: Give Me a Ring Sometime","11/22/16"
"Atlantis: Milo's Return","11/10/16"
"Criminal Minds: Season 2: Sex, Birth, Death","11/10/16"
"Criminal Minds: Season 3: Identity","11/10/16"
"Hawaii Five-0: Season 1: Pilot","11/6/16"
"Criminal Minds: Season 2: Aftermath","11/6/16"
"SMOSH: The Movie","10/23/16"
"Mono","10/8/16"
"The Fosters: Season 1: Pilot","10/7/16"
"Criminal Minds: Season 4: Zoe's Reprise","8/20/16"
"Criminal Minds: Season 2: The Last Word","8/18/16"
"The Magic School Bus: Season 1: The Magic School Bus In The Haunted House","8/17/16"
"Criminal Minds: Season 2: Lessons Learned","8/16/16"
"Criminal Minds: Season 2: Jones","8/15/16"
"30 for 30: Brian and the Boz","8/14/16"
"30 for 30: Pony Excess","8/7/16"
"Better Off Ted: Season 1: Heroes","7/21/16"
"Better Off Ted: Season 1: Pilot","7/21/16"
"Phineas and Ferb: Season 1: Phineas and Ferb Get Busted!: Parts 1 & 2","7/10/16"
"Back to the Future","7/8/16"
"Back to the Future Part II","7/8/16"
"Back to the Future Part III","7/8/16"
"Gilmore Girls: Season 1: That Damn Donna Reed","7/4/16"
"Gilmore Girls: Season 1: Concert Interruptus","7/1/16"
"Gilmore Girls: Season 1: Double Date","7/1/16"
"The X-Files: Season 4: Tunguska","7/1/16"
"The X-Files: Season 2: The Host","7/1/16"
"The X-Files: Season 2: Blood","7/1/16"
"Supernatural: Season 1: Asylum","7/1/16"
"Gilmore Girls: Season 1: Paris is Burning","6/30/16"
"Gilmore Girls: Season 1: Forgiveness and Stuff","6/30/16"
"Gilmore Girls: Season 1: Rory's Dance","6/29/16"
"Gilmore Girls: Season 1: Love & War & Snow","6/29/16"
"Jurassic Park","6/29/16"
"Gilmore Girls: Season 1: Rory's Birthday Parties","6/28/16"
"Gilmore Girls: Season 1: Cinnamon's Wake","6/27/16"
"Gilmore Girls: Season 1: The Deer Hunters","6/27/16"
"Psych: Season 1: Pilot","6/27/16"
"Gilmore Girls: Season 1: Kill Me Now","6/26/16"
"Gilmore Girls: Season 1: The Lorelais' First Day at Chilton","6/26/16"
"Pleasantville","6/21/16"
"The Giver","6/21/16"
"The Magic School Bus: Season 1: The Magic School Bus for Lunch","6/20/16"
"Bones: Season 1: Pilot","6/19/16"
"The Magic School Bus: Season 1: The Magic School Bus Inside Ralphie","6/19/16"
"Bob Ross: Beauty Is Everywhere: Collection 1: Cliffside","6/14/16"
"One Tree Hill: Season 1: Pilot","6/14/16"
"The Magic School Bus: Season 1: The Magic School Bus Gets Lost in Space","6/13/16"
"Robin Hood","6/11/16"
"High School Musical","6/8/16"
"Friends: Season 10: The Last One: Part 1 & Part 2","5/28/16"
"Friends: Season 2: The One with the List","5/28/16"
"Friends: Season 2: The One Where Ross Finds Out","5/26/16"
"Friends: Season 2: The One with the Baby on the Bus","5/25/16"
"Friends: Season 2: The One with Five Steaks and an Eggplant","5/25/16"
"Friends: Season 2: The One with Phoebe's Husband","5/25/16"
"Friends: Season 2: The One Where Heckles Dies","5/25/16"
"Friends: Season 2: The One with the Breast Milk","5/25/16"
"Friends: Season 2: The One with Ross's New Girlfriend","5/25/16"
"Friends: Season 1: The One Where Rachel Finds Out","5/22/16"
"Friends: Season 1: The One with the Birth","5/22/16"
"Friends: Season 1: The One with the Ick Factor","5/22/16"
"Friends: Season 1: The One with the Fake Monica","5/21/16"
"Palm Trees in the Snow","5/21/16"
"Boys and Girls","5/21/16"
"Drive Me Crazy","5/21/16"
"Friends: Season 1: The One with the Evil Orthodontist","5/21/16"
"Friends: Season 1: The One Where the Monkey Gets Away","5/21/16"
"Friends: Season 1: The One with All the Poker","5/21/16"
"Friends: Season 1: The One with the Two Parts: Part 2","5/18/16"
"Friends: Season 1: The One with the Two Parts: Part 1","5/18/16"
"Hercules","5/17/16"
"Friends: Season 1: The One with the Stoned Guy","5/15/16"
"Friends: Season 1: The One with the Candy Hearts","5/15/16"
"Friends: Season 1: The One with the Boobies","5/15/16"
"Friends: Season 1: The One with the Dozen Lasagnas","5/14/16"
"Friends: Season 1: The One with Mrs. Bing","5/14/16"
"Friends: Season 1: The One with the Monkey","5/13/16"
"Friends: Season 1: The One Where Underdog Gets Away","5/12/16"
"Friends: Season 1: The One with the Blackout","5/12/16"
"Friends: Season 1: The One with the Butt","5/12/16"
"Friends: Season 1: The One with the East German Laundry Detergent","5/12/16"
"Friends: Season 1: The One with George Stephanopoulos","5/12/16"
"Friends: Season 1: The One with the Thumb","5/10/16"
"Friends: Season 1: The One with the Sonogram at the End","5/10/16"
"Baby Daddy: Season 1: Pilot","5/9/16"
"Friends: Season 1: The One Where Monica Gets a Roommate (Pilot)","5/9/16"
"Tarzan","5/9/16"
"Gossip Girl: Season 1: Pilot","5/9/16"
"Supernatural: Season 1: Home","5/6/16"
"Barbie Life in the Dreamhouse: Season 1: Perf Pool Party & Trapped in the Dreamhouse","4/26/16"
"Supernatural: Season 1: Bugs","4/24/16"
"Supernatural: Season 1: Skin","4/23/16"
"Supernatural: Season 1: Bloody Mary","4/19/16"
"Supernatural: Season 1: Phantom Traveler","4/17/16"
"Supernatural: Season 1: Dead in the Water","4/17/16"
"Supernatural: Season 1: Wendigo","4/17/16"
"Supernatural: Season 1: Pilot","4/16/16"
"Good Will Hunting","4/16/16"
"The Seventies: Season 1: Television Gets Real","4/16/16"
"Buffy the Vampire Slayer: Season 1: Welcome to the Hellmouth","4/15/16"
"Girl Meets World: Season 1: Girl Meets World","4/15/16"
"90210: Season 3: Senior Year, Baby","4/10/16"
"90210: Season 1: Lucky Strike","4/10/16"
"90210: Season 1: We're Not in Kansas Anymore / The Jet Set","4/10/16"
"Criminal Minds: Season 4: Normal","4/2/16"
"An Apology to John Stamos","4/2/16"
"Dexter: Season 2: It's Alive","4/1/16"
"White Collar: Season 1: Pilot","3/29/16"
"Dexter: Season 1: Born Free","3/25/16"
"Mulan","3/25/16"
"Fuller House: Season 1: Mad Max","3/25/16"
"Dexter: Season 1: Truth Be Told","3/25/16"
"Dexter: Season 1: Seeing Red","3/25/16"
"Dexter: Season 1: Father Knows Best","3/25/16"
"Dexter: Season 1: Shrink Wrap","3/25/16"
"Dexter: Season 1: Circle of Friends","3/24/16"
"Dexter: Season 1: Return to Sender","3/23/16"
"Dexter: Season 1: Love American Style","3/23/16"
"Dexter: Season 1: Let's Give the Boy a Hand","3/23/16"
"Fuller House: Season 1: Our Very First Show, Again","3/23/16"
"Dexter: Season 1: Popping Cherry","3/21/16"
"The Walking Dead: Season 2: Pretty Much Dead Already","3/11/16"
"Grey's Anatomy: Season 1: A Hard Day's Night","3/7/16"
